id,calling_code,capital_city,code_2,code_3,continent_id,currency_id,flag,name
ad,376,å®‰é“å°”åŸ,ad,and,eu,eur,ğŸ‡¦ğŸ‡©,å®‰é“å°”
ae,971,é˜¿å¸ƒæ‰æ¯”,ae,are,as,aed,ğŸ‡¦ğŸ‡ª,é˜¿æ‹‰ä¼¯è”åˆé…‹é•¿å›½
af,93,å–€å¸ƒå°”,af,afg,as,afn,ğŸ‡¦ğŸ‡«,é˜¿å¯Œæ±—
ag,1268,åœ£çº¦ç¿°,ag,atg,na,xcd,ğŸ‡¦ğŸ‡¬,å®‰æç“œå’Œå·´å¸ƒè¾¾
ai,1264,ç“¦åˆ©,ai,aia,na,xcd,ğŸ‡¦ğŸ‡®,å®‰åœ­æ‹‰
al,355,åœ°æ‹‰é‚£,al,alb,eu,all,ğŸ‡¦ğŸ‡±,é˜¿å°”å·´å°¼äºš
am,374,åŸƒé‡Œæ¸©,am,arm,as,amd,ğŸ‡¦ğŸ‡²,äºšç¾å°¼äºš
ao,244,ç½—å®‰è¾¾,ao,ago,af,aoa,ğŸ‡¦ğŸ‡´,å®‰å“¥æ‹‰
aq,672,,aq,ata,an,,ğŸ‡¦ğŸ‡¶,å—ææ´²
ar,54,å¸ƒå®œè¯ºæ–¯è‰¾åˆ©æ–¯,ar,arg,sa,ars,ğŸ‡¦ğŸ‡·,é˜¿æ ¹å»·
as,1684,å¸•æœå¸•æœ,as,asm,oc,usd,ğŸ‡¦ğŸ‡¸,ç¾å±è¨æ‘©äºš
at,43,ç»´ä¹Ÿçº³,at,aut,eu,eur,ğŸ‡¦ğŸ‡¹,å¥¥åœ°åˆ©
au,61,å ªåŸ¹æ‹‰,au,aus,oc,aud,ğŸ‡¦ğŸ‡º,æ¾³å¤§åˆ©äºš
aw,297,å¥¥æ‹‰æ¶…æ–¯å¡”å¾·,aw,abw,na,awg,ğŸ‡¦ğŸ‡¼,é˜¿é²å·´
ax,358,ç›ä¸½æ¸¯,ax,ala,eu,eur,ğŸ‡¦ğŸ‡½,å¥¥å…°ç¾¤å²›
az,994,å·´åº“,az,aze,as,azn,ğŸ‡¦ğŸ‡¿,é˜¿å¡æ‹œç–†
ba,387,è¨æ‹‰çƒ­çª,ba,bih,eu,bam,ğŸ‡§ğŸ‡¦,æ³¢æ–¯å°¼äºšå’Œé»‘å¡å“¥ç»´é‚£
bb,1246,å¸ƒé‡Œå¥‡é¡¿,bb,brb,na,bbd,ğŸ‡§ğŸ‡§,å·´å·´å¤šæ–¯
bd,880,è¾¾å¡,bd,bgd,as,bdt,ğŸ‡§ğŸ‡©,å­ŸåŠ æ‹‰å›½
be,32,å¸ƒé²å¡å°”,be,bel,eu,eur,ğŸ‡§ğŸ‡ª,æ¯”åˆ©æ—¶
bf,226,ç“¦åŠ æœå¤,bf,bfa,af,xof,ğŸ‡§ğŸ‡«,å¸ƒåŸºçº³æ³•ç´¢
bg,359,ç´¢éäºš,bg,bgr,eu,bgn,ğŸ‡§ğŸ‡¬,ä¿åŠ åˆ©äºš
bh,973,éº¦çº³éº¦,bh,bhr,as,bhd,ğŸ‡§ğŸ‡­,å·´æ—
bi,257,å¸ƒç¼å¸ƒæ‹‰,bi,bdi,af,bif,ğŸ‡§ğŸ‡®,å¸ƒéš†è¿ª
bj,229,æ³¢å¤šè¯ºä¼,bj,ben,af,xof,ğŸ‡§ğŸ‡¯,è´å®
bl,590,å¤æ–¯å¡”ç»´äºš,bl,blm,na,eur,ğŸ‡§ğŸ‡±,åœ£å·´æ³°å‹’ç±³
bm,1441,å“ˆå¯†å°”é¡¿,bm,bmu,na,bmd,ğŸ‡§ğŸ‡²,ç™¾æ…•å¤§
bn,673,æ–¯é‡Œå·´åŠ æ¹¾å¸‚,bn,brn,as,bnd,ğŸ‡§ğŸ‡³,æ–‡è±
bo,591,è‹å…‹é›·,bo,bol,sa,bob,ğŸ‡§ğŸ‡´,ç»åˆ©ç»´äºš
bq,599,,bq,bes,na,usd,ğŸ‡§ğŸ‡¶,åšå†…å°”ã€åœ£å°¤æ–¯ç‰¹æ­‡æ–¯å’Œè¨å·´
br,55,å·´è¥¿åˆ©äºš,br,bra,sa,brl,ğŸ‡§ğŸ‡·,å·´è¥¿
bs,1242,æ‹¿éªš,bs,bhs,na,bsd,ğŸ‡§ğŸ‡¸,å·´å“ˆé©¬
bt,975,å»·å¸ƒ,bt,btn,as,btn,ğŸ‡§ğŸ‡¹,ä¸ä¸¹
bv,55,,bv,bvt,an,nok,ğŸ‡§ğŸ‡»,å¸ƒéŸ¦å²›
bw,267,å“ˆåšç½—å†…,bw,bwa,af,bwp,ğŸ‡§ğŸ‡¼,åšèŒ¨ç“¦çº³
by,375,æ˜æ–¯å…‹,by,blr,eu,byr,ğŸ‡§ğŸ‡¾,ç™½ä¿„ç½—æ–¯
bz,501,è´å°”è«æ½˜,bz,blz,na,bzd,ğŸ‡§ğŸ‡¿,ä¼¯åˆ©å…¹
ca,1,æ¸¥å¤ªå,ca,can,na,cad,ğŸ‡¨ğŸ‡¦,åŠ æ‹¿å¤§
cc,61,è¥¿å²›,cc,cck,as,aud,ğŸ‡¨ğŸ‡¨,ç§‘ç§‘æ–¯ï¼ˆåŸºæ—ï¼‰ç¾¤å²›
cd,243,é‡‘æ²™è¨,cd,cod,af,cdf,ğŸ‡¨ğŸ‡©,åˆšæœæ°‘ä¸»å…±å’Œå›½
cf,236,ç­å‰,cf,caf,af,xaf,ğŸ‡¨ğŸ‡«,ä¸­éå…±å’Œå›½
cg,242,å¸ƒæ‹‰æŸ´ç»´å°”,cg,cog,af,xaf,ğŸ‡¨ğŸ‡¬,åˆšæœå…±å’Œå›½
ch,41,ä¼¯å°”å°¼,ch,che,eu,chf,ğŸ‡¨ğŸ‡­,ç‘å£«
ci,225,äºšç©†è‹å…‹ç½—,ci,civ,af,xof,ğŸ‡¨ğŸ‡®,ç§‘ç‰¹è¿ªç“¦
ck,682,é˜¿ç“¦é²é˜¿,ck,cok,oc,nzd,ğŸ‡¨ğŸ‡°,åº“å…‹ç¾¤å²›
cl,56,åœ£åœ°äºšå“¥,cl,chl,sa,clp,ğŸ‡¨ğŸ‡±,æ™ºåˆ©
cm,237,é›…æ¸©å¾—,cm,cmr,af,xaf,ğŸ‡¨ğŸ‡²,å–€éº¦éš†
cn,86,åŒ—äº¬,cn,chn,as,cny,ğŸ‡¨ğŸ‡³,ä¸­å›½
co,57,æ³¢å“¥å¤§,co,col,sa,cop,ğŸ‡¨ğŸ‡´,å“¥ä¼¦æ¯”äºš
cr,506,åœ£ä½•å¡,cr,cri,na,crc,ğŸ‡¨ğŸ‡·,å“¥æ–¯è¾¾é»åŠ 
cu,53,å“ˆç“¦é‚£,cu,cub,na,cup,ğŸ‡¨ğŸ‡º,å¤å·´
cv,238,æ™®æ‹‰äºš,cv,cpv,af,cve,ğŸ‡¨ğŸ‡»,ä½›å¾—è§’
cw,599,å¨å»‰æ–¯å¡”å¾·,cw,cuw,na,ang,ğŸ‡¨ğŸ‡¼,åº“æ‹‰ç´¢
cx,61,é£é±¼æ¹¾,cx,cxr,as,aud,ğŸ‡¨ğŸ‡½,åœ£è¯å²›
cy,357,å°¼ç§‘è¥¿äºš,cy,cyp,eu,eur,ğŸ‡¨ğŸ‡¾,å¡æµ¦è·¯æ–¯
cz,420,å¸ƒæ‹‰æ ¼,cz,cze,eu,czk,ğŸ‡¨ğŸ‡¿,æ·å…‹
de,49,æŸæ—,de,deu,eu,eur,ğŸ‡©ğŸ‡ª,å¾·å›½
dj,253,å‰å¸ƒæ,dj,dji,af,djf,ğŸ‡©ğŸ‡¯,å‰å¸ƒæ
dk,45,å“¥æœ¬å“ˆæ ¹,dk,dnk,eu,dkk,ğŸ‡©ğŸ‡°,ä¸¹éº¦
dm,1767,ç½—ç´¢,dm,dma,na,xcd,ğŸ‡©ğŸ‡²,å¤šç±³å°¼å…‹
do,1809,åœ£å¤šæ˜å“¥,do,dom,na,dop,ğŸ‡©ğŸ‡´,å¤šç±³å°¼åŠ å…±å’Œå›½
dz,213,é˜¿å°”åŠå°”,dz,dza,af,dzd,ğŸ‡©ğŸ‡¿,é˜¿å°”åŠåˆ©äºš
ec,593,åŸºå¤š,ec,ecu,sa,usd,ğŸ‡ªğŸ‡¨,å„ç“œå¤šå°”
ee,372,å¡”æ—,ee,est,eu,eur,ğŸ‡ªğŸ‡ª,çˆ±æ²™å°¼äºš
eg,20,å¼€ç½—,eg,egy,af,egp,ğŸ‡ªğŸ‡¬,åŸƒåŠ
eh,212,é˜¿å°¤æ©,eh,esh,af,mad,ğŸ‡ªğŸ‡­,è¥¿æ’’å“ˆæ‹‰
er,291,é˜¿æ–¯é©¬æ‹‰,er,eri,af,ern,ğŸ‡ªğŸ‡·,å„ç«‹ç‰¹é‡Œäºš
es,34,é©¬å¾·é‡Œ,es,esp,eu,eur,ğŸ‡ªğŸ‡¸,è¥¿ç­ç‰™
et,251,äºšçš„æ–¯äºšè´å·´,et,eth,af,etb,ğŸ‡ªğŸ‡¹,åŸƒå¡ä¿„æ¯”äºš
fi,358,èµ«å°”è¾›åŸº,fi,fin,eu,eur,ğŸ‡«ğŸ‡®,èŠ¬å…°
fj,679,è‹ç“¦,fj,fji,oc,fjd,ğŸ‡«ğŸ‡¯,æ–æµ
fk,500,æ–¯å¦åˆ©,fk,flk,sa,fkp,ğŸ‡«ğŸ‡°,ç¦å…‹å…°ç¾¤å²›
fm,691,å¸•åˆ©åŸºå°”,fm,fsm,oc,usd,ğŸ‡«ğŸ‡²,å¯†å…‹ç½—å°¼è¥¿äºš
fo,298,æ‰˜å°”æ–¯æ¸¯,fo,fro,eu,dkk,ğŸ‡«ğŸ‡´,æ³•ç½—ç¾¤å²›
fr,33,å·´é»,fr,fra,eu,eur,ğŸ‡«ğŸ‡·,æ³•å›½
ga,241,åˆ©ä¼¯ç»´å°”,ga,gab,af,xaf,ğŸ‡¬ğŸ‡¦,åŠ è“¬
gb,44,ä¼¦æ•¦,gb,gbr,eu,gbp,ğŸ‡¬ğŸ‡§,è‹±å›½
gd,1473,åœ£ä¹”æ²»,gd,grd,na,xcd,ğŸ‡¬ğŸ‡©,æ ¼æ—çº³è¾¾
ge,995,ç¬¬æ¯”åˆ©æ–¯,ge,geo,as,gel,ğŸ‡¬ğŸ‡ª,æ ¼é²å‰äºš
gf,594,å¡å®´,gf,guf,sa,eur,ğŸ‡¬ğŸ‡«,æ³•å±åœ­äºšé‚£
gg,44,åœ£å½¼å¾—æ¸¯,gg,ggy,eu,gbp,ğŸ‡¬ğŸ‡¬,æ ¹è¥¿å²›
gh,233,é˜¿å…‹æ‹‰,gh,gha,af,ghs,ğŸ‡¬ğŸ‡­,åŠ çº³
gi,350,ç›´å¸ƒç½—é™€,gi,gib,eu,gip,ğŸ‡¬ğŸ‡®,ç›´å¸ƒç½—é™€
gl,299,åŠªå…‹,gl,grl,na,dkk,ğŸ‡¬ğŸ‡±,æ ¼é™µå…°
gm,220,ç­ç å°”,gm,gmb,af,gmd,ğŸ‡¬ğŸ‡²,å†ˆæ¯”äºš
gn,224,ç§‘çº³å…‹é‡Œ,gn,gin,af,gnf,ğŸ‡¬ğŸ‡³,å‡ å†…äºš
gp,590,å·´æ–¯ç‰¹å°”,gp,glp,na,eur,ğŸ‡¬ğŸ‡µ,ç“œå¾·ç½—æ™®
gq,240,é©¬æ‹‰åš,gq,gnq,af,xaf,ğŸ‡¬ğŸ‡¶,èµ¤é“å‡ å†…äºš
gr,30,é›…å…¸,gr,grc,eu,eur,ğŸ‡¬ğŸ‡·,å¸Œè…Š
gs,500,æ ¼é‡Œç‰¹ç»´è‚¯,gs,sgs,an,gbp,ğŸ‡¬ğŸ‡¸,å—ä¹”æ²»äºšå’Œå—æ¡‘å¨å¥‡ç¾¤å²›
gt,502,å±åœ°é©¬æ‹‰åŸ,gt,gtm,na,gtq,ğŸ‡¬ğŸ‡¹,å±åœ°é©¬æ‹‰
gu,1671,å“ˆåŠ ç‰¹çº³,gu,gum,oc,usd,ğŸ‡¬ğŸ‡º,å…³å²›
gw,245,æ¯”ç»,gw,gnb,af,xof,ğŸ‡¬ğŸ‡¼,å‡ å†…äºšæ¯”ç»
gy,592,ä¹”æ²»æ•¦,gy,guy,sa,gyd,ğŸ‡¬ğŸ‡¾,åœ­äºšé‚£
hk,852,é¦™æ¸¯,hk,hkg,as,hkd,ğŸ‡­ğŸ‡°,é¦™æ¸¯
hm,672,,hm,hmd,oc,,ğŸ‡¦ğŸ‡º,èµ«å¾·å²›å’Œéº¦å…‹å”çº³ç¾¤å²›
hn,504,ç‰¹å¤è¥¿åŠ å°”å·´,hn,hnd,na,hnl,ğŸ‡­ğŸ‡³,æ´ªéƒ½æ‹‰æ–¯
hr,385,è¨æ ¼å‹’å¸ƒ,hr,hrv,eu,hrk,ğŸ‡­ğŸ‡·,å…‹ç½—åœ°äºš
ht,509,å¤ªå­æ¸¯,ht,hti,na,htg,ğŸ‡­ğŸ‡¹,æµ·åœ°
hu,36,å¸ƒè¾¾ä½©æ–¯,hu,hun,eu,huf,ğŸ‡­ğŸ‡º,åŒˆç‰™åˆ©
id,62,é›…åŠ è¾¾,id,idn,as,idr,ğŸ‡®ğŸ‡©,å°åº¦å°¼è¥¿äºš
ie,353,éƒ½æŸæ—,ie,irl,eu,eur,ğŸ‡®ğŸ‡ª,çˆ±å°”å…°
il,972,è€¶è·¯æ’’å†·,il,isr,as,ils,ğŸ‡®ğŸ‡±,ä»¥è‰²åˆ—
im,44,é“æ ¼æ‹‰æ–¯,im,imn,eu,gbp,ğŸ‡®ğŸ‡²,é©¬æ©å²›
in,91,æ–°å¾·é‡Œ,in,ind,as,inr,ğŸ‡®ğŸ‡³,å°åº¦
io,246,è¿­æˆˆåŠ è¥¿äºš,io,iot,as,usd,ğŸ‡®ğŸ‡´,è‹±å±å°åº¦æ´‹é¢†åœ°
iq,964,å·´æ ¼è¾¾,iq,irq,as,iqd,ğŸ‡®ğŸ‡¶,ä¼Šæ‹‰å…‹
ir,98,å¾·é»‘å…°,ir,irn,as,irr,ğŸ‡®ğŸ‡·,ä¼Šæœ—
is,354,é›·å…‹é›…æœªå…‹,is,isl,eu,isk,ğŸ‡®ğŸ‡¸,å†°å²›
it,39,ç½—é©¬,it,ita,eu,eur,ğŸ‡®ğŸ‡¹,æ„å¤§åˆ©
je,44,åœ£èµ«åˆ©å°”,je,jey,eu,gbp,ğŸ‡¯ğŸ‡ª,æ³½è¥¿å²›
jm,1876,é‡‘æ–¯æ•¦,jm,jam,na,jmd,ğŸ‡¯ğŸ‡²,ç‰™ä¹°åŠ 
jo,962,å®‰æ›¼,jo,jor,as,jod,ğŸ‡¯ğŸ‡´,çº¦æ—¦
jp,81,ä¸œäº¬,jp,jpn,as,jpy,ğŸ‡¯ğŸ‡µ,æ—¥æœ¬
ke,254,å†…ç½—æ¯•,ke,ken,af,kes,ğŸ‡°ğŸ‡ª,è‚¯å°¼äºš
kg,996,æ¯”ä»€å‡¯å…‹,kg,kgz,as,kgs,ğŸ‡°ğŸ‡¬,å‰å°”å‰æ–¯æ–¯å¦
kh,855,é‡‘è¾¹,kh,khm,as,khr,ğŸ‡°ğŸ‡­,æŸ¬åŸ”å¯¨
ki,686,å¡”æ‹‰ç“¦,ki,kir,oc,aud,ğŸ‡°ğŸ‡®,åŸºé‡Œå·´æ–¯
km,269,è«ç½—å°¼,km,com,af,kmf,ğŸ‡°ğŸ‡²,ç§‘æ‘©ç½—
kn,1869,å·´æ–¯ç‰¹å°”,kn,kna,na,xcd,ğŸ‡°ğŸ‡³,åœ£åŸºèŒ¨å’Œå°¼ç»´æ–¯
kp,850,å¹³å£¤,kp,prk,as,kpw,ğŸ‡°ğŸ‡µ,æœé²œ
kr,82,é¦–å°”,kr,kor,as,krw,ğŸ‡°ğŸ‡·,éŸ©å›½
kw,965,ç§‘å¨ç‰¹åŸ,kw,kwt,as,kwd,ğŸ‡°ğŸ‡¼,ç§‘å¨ç‰¹
ky,1345,ä¹”æ²»åŸ,ky,cym,na,kyd,ğŸ‡°ğŸ‡¾,å¼€æ›¼ç¾¤å²›
kz,7,åŠªå°”è‹ä¸¹,kz,kaz,as,kzt,ğŸ‡°ğŸ‡¿,å“ˆè¨å…‹æ–¯å¦
la,856,ä¸‡è±¡,la,lao,as,lak,ğŸ‡±ğŸ‡¦,è€æŒ
lb,961,è´é²ç‰¹,lb,lbn,as,lbp,ğŸ‡±ğŸ‡§,é»å·´å«©
lc,1758,å¡æ–¯ç‰¹é‡Œ,lc,lca,na,xcd,ğŸ‡±ğŸ‡¨,åœ£å¢è¥¿äºš
li,423,ç“¦æœå…¹,li,lie,eu,chf,ğŸ‡±ğŸ‡®,åˆ—æ”¯æ•¦å£«ç™»
lk,94,ç§‘ä¼¦å¡,lk,lka,as,lkr,ğŸ‡±ğŸ‡°,æ–¯é‡Œå…°å¡
lr,231,è’™ç½—ç»´äºš,lr,lbr,af,lrd,ğŸ‡±ğŸ‡·,åˆ©æ¯”é‡Œäºš
ls,266,é©¬å¡å¢,ls,lso,af,lsl,ğŸ‡±ğŸ‡¸,è±ç´¢æ‰˜
lt,370,ç»´å°”çº½æ–¯,lt,ltu,eu,ltl,ğŸ‡±ğŸ‡¹,ç«‹é™¶å®›
lu,352,å¢æ£®å ¡,lu,lux,eu,eur,ğŸ‡±ğŸ‡º,å¢æ£®å ¡
lv,371,é‡ŒåŠ ,lv,lva,eu,eur,ğŸ‡±ğŸ‡»,æ‹‰è„±ç»´äºš
ly,218,çš„é»æ³¢é‡Œ,ly,lby,af,lyd,ğŸ‡±ğŸ‡¾,åˆ©æ¯”äºš
ma,212,æ‹‰å·´ç‰¹,ma,mar,af,mad,ğŸ‡²ğŸ‡¦,æ‘©æ´›å“¥
mc,377,æ‘©çº³å“¥,mc,mco,eu,eur,ğŸ‡²ğŸ‡¨,æ‘©çº³å“¥
md,373,åŸºå¸Œè®·ä¹Œ,md,mda,eu,mdl,ğŸ‡²ğŸ‡©,æ‘©å°”å¤šç“¦
me,382,æ³¢å¾·æˆˆé‡Œå¯Ÿ,me,mne,eu,eur,ğŸ‡²ğŸ‡ª,é»‘å±±
mf,590,é©¬é‡Œæˆˆç‰¹,mf,maf,na,eur,ğŸ‡²ğŸ‡«,åœ£é©¬ä¸
mg,261,å¡”é‚£é‚£åˆ©ä½›,mg,mdg,af,mga,ğŸ‡²ğŸ‡¬,é©¬è¾¾åŠ æ–¯åŠ 
mh,692,é©¬æœ±ç½—,mh,mhl,oc,usd,ğŸ‡²ğŸ‡­,é©¬ç»å°”ç¾¤å²›
mk,389,æ–¯ç§‘æ™®é‡Œ,mk,mkd,eu,mkd,ğŸ‡²ğŸ‡°,åŒ—é©¬å…¶é¡¿
ml,223,å·´é©¬ç§‘,ml,mli,af,xof,ğŸ‡²ğŸ‡±,é©¬é‡Œ
mm,95,å†…æ¯”éƒ½,mm,mmr,as,mmk,ğŸ‡²ğŸ‡²,ç¼…ç”¸
mn,976,ä¹Œå…°å·´æ‰˜,mn,mng,as,mnt,ğŸ‡²ğŸ‡³,è’™å¤
mo,853,æ¾³é—¨,mo,mac,as,mop,ğŸ‡²ğŸ‡´,æ¾³é—¨
mp,1670,å¡ç­,mp,mnp,oc,usd,ğŸ‡²ğŸ‡µ,åŒ—é©¬é‡Œäºšçº³ç¾¤å²›
mq,596,æ³•å…°è¥¿å ¡,mq,mtq,na,eur,ğŸ‡²ğŸ‡¶,é©¬æå°¼å…‹
mr,222,åŠªç“¦å…‹è‚–ç‰¹,mr,mrt,af,mro,ğŸ‡²ğŸ‡·,æ¯›é‡Œå¡”å°¼äºš
ms,1664,æ™®åˆ©èŒ…æ–¯,ms,msr,na,xcd,ğŸ‡²ğŸ‡¸,è’™ç‰¹å¡æ‹‰ç‰¹
mt,356,ç“¦è±å¡”,mt,mlt,eu,eur,ğŸ‡²ğŸ‡¹,é©¬è€³ä»–
mu,230,è·¯æ˜“æ¸¯,mu,mus,af,mur,ğŸ‡²ğŸ‡º,æ¯›é‡Œæ±‚æ–¯
mv,960,é©¬ç´¯,mv,mdv,as,mvr,ğŸ‡²ğŸ‡»,é©¬å°”ä»£å¤«
mw,265,åˆ©éš†åœ­,mw,mwi,af,mwk,ğŸ‡²ğŸ‡¼,é©¬æ‹‰ç»´
mx,52,å¢¨è¥¿å“¥åŸ,mx,mex,na,mxn,ğŸ‡²ğŸ‡½,å¢¨è¥¿å“¥
my,60,å‰éš†å¡,my,mys,as,myr,ğŸ‡²ğŸ‡¾,é©¬æ¥è¥¿äºš
mz,258,é©¬æ™®æ‰˜,mz,moz,af,mzn,ğŸ‡²ğŸ‡¿,è«æ¡‘æ¯”å…‹
na,264,æ¸©å¾—å’Œå…‹,na,nam,af,nad,ğŸ‡³ğŸ‡¦,çº³ç±³æ¯”äºš
nc,687,åŠªç¾é˜¿,nc,ncl,oc,xpf,ğŸ‡³ğŸ‡¨,æ–°å–€é‡Œå¤šå°¼äºš
ne,227,å°¼äºšç¾,ne,ner,af,xof,ğŸ‡³ğŸ‡ª,å°¼æ—¥å°”
nf,672,é‡‘æ–¯æ•¦,nf,nfk,oc,aud,ğŸ‡³ğŸ‡«,è¯ºç¦å…‹å²›
ng,234,é˜¿å¸ƒè´¾,ng,nga,af,ngn,ğŸ‡³ğŸ‡¬,å°¼æ—¥åˆ©äºš
ni,505,é©¬é‚£ç“œ,ni,nic,na,nio,ğŸ‡³ğŸ‡®,å°¼åŠ æ‹‰ç“œ
nl,31,é˜¿å§†æ–¯ç‰¹ä¸¹,nl,nld,eu,eur,ğŸ‡³ğŸ‡±,è·å…°
no,47,å¥¥æ–¯é™†,no,nor,eu,nok,ğŸ‡³ğŸ‡´,æŒªå¨
np,977,åŠ å¾·æ»¡éƒ½,np,npl,as,npr,ğŸ‡³ğŸ‡µ,å°¼æ³Šå°”
nr,674,äºšä¼¦,nr,nru,oc,aud,ğŸ‡³ğŸ‡·,ç‘™é²
nu,683,é˜¿æ´›è²,nu,niu,oc,nzd,ğŸ‡³ğŸ‡º,çº½åŸƒ
nz,64,æƒ çµé¡¿,nz,nzl,oc,nzd,ğŸ‡³ğŸ‡¿,æ–°è¥¿å…°
om,968,é©¬æ–¯å–€ç‰¹,om,omn,as,omr,ğŸ‡´ğŸ‡²,é˜¿æ›¼
pa,507,å·´æ‹¿é©¬åŸ,pa,pan,na,pab,ğŸ‡µğŸ‡¦,å·´æ‹¿é©¬
pe,51,åˆ©é©¬,pe,per,sa,pen,ğŸ‡µğŸ‡ª,ç§˜é²
pf,689,å¸•çš®æ,pf,pyf,oc,xpf,ğŸ‡µğŸ‡«,æ³•å±æ³¢åˆ©å°¼è¥¿äºš
pg,675,è«å°”å…¹æ¯”æ¸¯,pg,png,oc,pgk,ğŸ‡µğŸ‡¬,å·´å¸ƒäºšæ–°å‡ å†…äºš
ph,63,é©¬å°¼æ‹‰,ph,phl,as,php,ğŸ‡µğŸ‡­,è²å¾‹å®¾
pk,92,ä¼Šæ–¯å…°å ¡,pk,pak,as,pkr,ğŸ‡µğŸ‡°,å·´åŸºæ–¯å¦
pl,48,åæ²™,pl,pol,eu,pln,ğŸ‡µğŸ‡±,æ³¢å…°
pm,508,åœ£çš®åŸƒå°”,pm,spm,na,eur,ğŸ‡µğŸ‡²,åœ£çš®åŸƒå°”å’Œå¯†å…‹éš†
pn,870,äºšå½“æ–¯æ•¦,pn,pcn,oc,nzd,ğŸ‡µğŸ‡³,çš®ç‰¹å‡¯æ©ç¾¤å²›
pr,1787,åœ£èƒ¡å®‰,pr,pri,na,usd,ğŸ‡µğŸ‡·,æ³¢å¤šé»å„
ps,970,ä¸œè€¶è·¯æ’’å†·,ps,pse,as,ils,ğŸ‡µğŸ‡¸,å·´å‹’æ–¯å¦é¢†åœŸ
pt,351,é‡Œæ–¯æœ¬,pt,prt,eu,eur,ğŸ‡µğŸ‡¹,è‘¡è„ç‰™
pw,680,æ¢…è±å‡¯å¥¥å…‹,pw,plw,oc,usd,ğŸ‡µğŸ‡¼,å¸•åŠ³
py,595,äºšæ¾æ£®,py,pry,sa,pyg,ğŸ‡µğŸ‡¾,å·´æ‹‰åœ­
qa,974,å¤šå“ˆ,qa,qat,as,qar,ğŸ‡¶ğŸ‡¦,å¡å¡”å°”
re,262,åœ£ä¸¹å°¼,re,reu,af,eur,ğŸ‡·ğŸ‡ª,ç•™å°¼æ±ª
ro,40,å¸ƒåŠ å‹’æ–¯ç‰¹,ro,rou,eu,ron,ğŸ‡·ğŸ‡´,ç½—é©¬å°¼äºš
rs,381,è´å°”æ ¼è±å¾·,rs,srb,eu,rsd,ğŸ‡·ğŸ‡¸,å¡å°”ç»´äºš
ru,7,è«æ–¯ç§‘,ru,rus,eu,rub,ğŸ‡·ğŸ‡º,ä¿„ç½—æ–¯
rw,250,åŸºåŠ åˆ©,rw,rwa,af,rwf,ğŸ‡·ğŸ‡¼,å¢æ—ºè¾¾
sa,966,åˆ©é›…å¾—,sa,sau,as,sar,ğŸ‡¸ğŸ‡¦,æ²™ç‰¹é˜¿æ‹‰ä¼¯
sb,677,éœå°¼äºšæ‹‰,sb,slb,oc,sbd,ğŸ‡¸ğŸ‡§,æ‰€ç½—é—¨ç¾¤å²›
sc,248,ç»´å¤šåˆ©äºš,sc,syc,af,scr,ğŸ‡¸ğŸ‡¨,å¡èˆŒå°”
sd,249,å–€åœŸç©†,sd,sdn,af,sdg,ğŸ‡¸ğŸ‡©,è‹ä¸¹
se,46,æ–¯å¾·å“¥å°”æ‘©,se,swe,eu,sek,ğŸ‡¸ğŸ‡ª,ç‘å…¸
sg,65,æ–°åŠ å¡,sg,sgp,as,sgd,ğŸ‡¸ğŸ‡¬,æ–°åŠ å¡
sh,290,è©¹å§†æ–¯æ•¦,sh,shn,af,shp,ğŸ‡¸ğŸ‡­,åœ£èµ«å‹’æ‹¿
si,386,å¢å¸ƒå°”é›…é‚£,si,svn,eu,eur,ğŸ‡¸ğŸ‡®,æ–¯æ´›æ–‡å°¼äºš
sj,47,æœ—ä¼Šå°”åŸ,sj,sjm,eu,nok,ğŸ‡¸ğŸ‡¯,æ–¯ç“¦å°”å·´å’Œæ‰¬é©¬å»¶
sk,421,å¸ƒæ‹‰è¿ªæ–¯æ‹‰å‘,sk,svk,eu,eur,ğŸ‡¸ğŸ‡°,æ–¯æ´›ä¼å…‹
sl,232,å¼—é‡Œæ•¦,sl,sle,af,sll,ğŸ‡¸ğŸ‡±,å¡æ‹‰åˆ©æ˜‚
sm,378,åœ£é©¬åŠ›è¯º,sm,smr,eu,eur,ğŸ‡¸ğŸ‡²,åœ£é©¬åŠ›è¯º
sn,221,è¾¾å–€å°”,sn,sen,af,xof,ğŸ‡¸ğŸ‡³,å¡å†…åŠ å°”
so,252,æ‘©åŠ è¿ªæ²™,so,som,af,sos,ğŸ‡¸ğŸ‡´,ç´¢é©¬é‡Œ
sr,597,å¸•æ‹‰é©¬é‡Œåš,sr,sur,sa,srd,ğŸ‡¸ğŸ‡·,è‹é‡Œå—
ss,211,æœ±å·´,ss,ssd,af,ssp,ğŸ‡¸ğŸ‡¸,å—è‹ä¸¹
st,239,åœ£å¤šç¾,st,stp,af,std,ğŸ‡¸ğŸ‡¹,åœ£å¤šç¾å’Œæ™®æ—è¥¿æ¯”
sv,503,åœ£è¨å°”ç“¦å¤š,sv,slv,na,usd,ğŸ‡¸ğŸ‡»,è¨å°”ç“¦å¤š
sx,599,è²åˆ©æ™®æ–¯å ¡,sx,sxm,na,ang,ğŸ‡¸ğŸ‡½,è·å±åœ£é©¬ä¸
sy,963,å¤§é©¬å£«é©,sy,syr,as,syp,ğŸ‡¸ğŸ‡¾,å™åˆ©äºš
sz,268,å§†å·´å·´å†…,sz,swz,af,szl,ğŸ‡¸ğŸ‡¿,æ–¯å¨å£«å…°
tc,1649,ç§‘ä¼¯æ©åŸ,tc,tca,na,usd,ğŸ‡¹ğŸ‡¨,ç‰¹å…‹æ–¯å’Œå‡¯ç§‘æ–¯ç¾¤å²›
td,235,æ©è´¾æ¢…çº³,td,tcd,af,xaf,ğŸ‡¹ğŸ‡©,ä¹å¾—
tf,262,æ³•å…°è¥¿æ¸¯,tf,atf,an,eur,ğŸ‡¹ğŸ‡«,æ³•å±å—éƒ¨é¢†åœ°
tg,228,æ´›ç¾,tg,tgo,af,xof,ğŸ‡¹ğŸ‡¬,å¤šå“¥
th,66,æ›¼è°·,th,tha,as,thb,ğŸ‡¹ğŸ‡­,æ³°å›½
tj,992,æœå°šåˆ«,tj,tjk,as,tjs,ğŸ‡¹ğŸ‡¯,å¡”å‰å…‹æ–¯å¦
tk,690,,tk,tkl,oc,nzd,ğŸ‡¹ğŸ‡°,æ‰˜å…‹åŠ³
tl,670,å¸åŠ›,tl,tls,oc,usd,ğŸ‡¹ğŸ‡±,ä¸œå¸æ±¶
tm,993,é˜¿ä»€å“ˆå·´å¾·,tm,tkm,as,tmt,ğŸ‡¹ğŸ‡²,åœŸåº“æ›¼æ–¯å¦
tn,216,çªå°¼æ–¯,tn,tun,af,tnd,ğŸ‡¹ğŸ‡³,çªå°¼æ–¯
to,676,åŠªåº“é˜¿æ´›æ³•,to,ton,oc,top,ğŸ‡¹ğŸ‡´,æ±¤åŠ 
tr,90,å®‰å¡æ‹‰,tr,tur,as,try,ğŸ‡¹ğŸ‡·,åœŸè€³å…¶
tt,1868,è¥¿ç­ç‰™æ¸¯,tt,tto,na,ttd,ğŸ‡¹ğŸ‡¹,ç‰¹ç«‹å°¼è¾¾å’Œå¤šå·´å“¥
tv,688,å¯Œçº³å¯Œæ,tv,tuv,oc,aud,ğŸ‡¹ğŸ‡»,å›¾ç“¦å¢
tw,886,å°åŒ—,tw,twn,as,twd,ğŸ‡¹ğŸ‡¼,å°æ¹¾
tz,255,å¤šå¤šé©¬,tz,tza,af,tzs,ğŸ‡¹ğŸ‡¿,å¦æ¡‘å°¼äºš
ua,380,åŸºè¾…,ua,ukr,eu,uah,ğŸ‡ºğŸ‡¦,ä¹Œå…‹å…°
ug,256,åå¸•æ‹‰,ug,uga,af,ugx,ğŸ‡ºğŸ‡¬,ä¹Œå¹²è¾¾
um,246,,um,umi,oc,usd,ğŸ‡ºğŸ‡²,ç¾å›½æœ¬åœŸå¤–å°å²›å±¿
us,1,åç››é¡¿,us,usa,na,usd,ğŸ‡ºğŸ‡¸,ç¾å›½
uy,598,è’™å¾—ç»´çš„äºš,uy,ury,sa,uyu,ğŸ‡ºğŸ‡¾,ä¹Œæ‹‰åœ­
uz,998,å¡”ä»€å¹²,uz,uzb,as,uzs,ğŸ‡ºğŸ‡¿,ä¹Œå…¹åˆ«å…‹æ–¯å¦
va,379,æ¢µè’‚å†ˆåŸ,va,vat,eu,eur,ğŸ‡»ğŸ‡¦,æ¢µè’‚å†ˆ
vc,1784,é‡‘æ–¯æ•¦,vc,vct,na,xcd,ğŸ‡»ğŸ‡¨,åœ£æ–‡æ£®ç‰¹å’Œæ ¼æ—çº³ä¸æ–¯
ve,58,åŠ æ‹‰åŠ æ–¯,ve,ven,sa,vef,ğŸ‡»ğŸ‡ª,å§”å†…ç‘æ‹‰
vg,1284,ç½—å¾·åŸ,vg,vgb,na,usd,ğŸ‡»ğŸ‡¬,è‹±å±ç»´å°”äº¬ç¾¤å²›
vi,1340,å¤æ´›ç‰¹é˜¿é©¬åˆ©äºš,vi,vir,na,usd,ğŸ‡»ğŸ‡®,ç¾å±ç»´å°”äº¬ç¾¤å²›
vn,84,æ²³å†…,vn,vnm,as,vnd,ğŸ‡»ğŸ‡³,è¶Šå—
vu,678,ç»´æ‹‰æ¸¯,vu,vut,oc,vuv,ğŸ‡»ğŸ‡º,ç“¦åŠªé˜¿å›¾
wf,681,é©¬å¡”ä¹Œå›¾,wf,wlf,oc,xpf,ğŸ‡¼ğŸ‡«,ç“¦åˆ©æ–¯å’Œå¯Œå›¾çº³
ws,685,é˜¿çš®äºš,ws,wsm,oc,wst,ğŸ‡¼ğŸ‡¸,è¨æ‘©äºš
xk,383,æ™®é‡Œä»€è’‚çº³,xk,xkx,eu,eur,ğŸ‡½ğŸ‡°,ç§‘ç´¢æ²ƒ
ye,967,è¨é‚£,ye,yem,as,yer,ğŸ‡¾ğŸ‡ª,ä¹Ÿé—¨
yt,262,é©¬ç©†æ¥š,yt,myt,af,eur,ğŸ‡¾ğŸ‡¹,é©¬çº¦ç‰¹
za,27,æ¯”å‹’é™€åˆ©äºš,za,zaf,af,zar,ğŸ‡¿ğŸ‡¦,å—é
zm,260,å¢è¨å¡,zm,zmb,af,zmk,ğŸ‡¿ğŸ‡²,èµæ¯”äºš
zw,263,å“ˆæ‹‰é›·,zw,zwe,af,zwl,ğŸ‡¿ğŸ‡¼,æ´¥å·´å¸ƒéŸ¦
